episode,return,steps,died,epsilon
0,0.0,200,False,1.0
1,0.0,97,True,0.9995247623811906
2,0.0,9,True,0.9990495247623812
3,0.0,47,True,0.9985742871435718
4,0.0,107,True,0.9980990495247624
5,0.0,13,True,0.997623811905953
6,0.0,41,True,0.9971485742871435
7,1.0,26,True,0.9966733366683341
8,0.0,174,True,0.9961980990495247
9,0.0,75,True,0.9957228614307153
10,0.0,22,True,0.9952476238119059
11,0.0,20,True,0.9947723861930966
12,0.0,22,True,0.9942971485742872
13,0.0,22,True,0.9938219109554778
14,0.0,80,True,0.9933466733366684
15,0.0,57,True,0.992871435717859
16,0.0,14,True,0.9923961980990496
17,0.0,13,True,0.9919209604802401
18,0.0,146,True,0.9914457228614307
19,0.0,45,True,0.9909704852426213
20,2.0,200,False,0.9904952476238119
21,0.0,36,True,0.9900200100050025
22,0.0,200,False,0.9895447723861931
23,1.0,23,True,0.9890695347673837
24,0.0,14,True,0.9885942971485743
25,0.0,200,False,0.9881190595297649
26,0.0,74,True,0.9876438219109555
27,2.0,200,False,0.987168584292146
28,0.0,200,False,0.9866933466733366
29,0.0,74,True,0.9862181090545272
30,0.0,126,True,0.9857428714357178
31,0.0,184,True,0.9852676338169084
32,0.0,69,True,0.9847923961980991
33,0.0,200,False,0.9843171585792897
34,0.0,36,True,0.9838419209604803
35,0.0,62,True,0.9833666833416709
36,0.0,88,True,0.9828914457228615
37,0.0,200,False,0.9824162081040521
38,0.0,200,False,0.9819409704852426
39,0.0,200,False,0.9814657328664332
40,0.0,200,False,0.9809904952476238
41,0.0,92,True,0.9805152576288144
42,0.0,5,True,0.980040020010005
43,0.0,87,True,0.9795647823911956
44,0.0,14,True,0.9790895447723862
45,0.0,151,True,0.9786143071535768
46,0.0,33,True,0.9781390695347674
47,2.0,200,False,0.977663831915958
48,0.0,105,True,0.9771885942971485
49,0.0,20,True,0.9767133566783391
50,0.0,24,True,0.9762381190595297
51,0.0,200,False,0.9757628814407203
52,0.0,69,True,0.9752876438219109
53,0.0,16,True,0.9748124062031015
54,0.0,200,False,0.9743371685842922
55,0.0,200,False,0.9738619309654828
56,0.0,31,True,0.9733866933466734
57,0.0,12,True,0.972911455727864
58,0.0,24,True,0.9724362181090546
59,0.0,18,True,0.9719609804902452
60,0.0,89,True,0.9714857428714357
61,1.0,48,True,0.9710105052526263
62,0.0,113,True,0.9705352676338169
63,0.0,102,True,0.9700600300150075
64,0.0,200,False,0.9695847923961981
65,0.0,22,True,0.9691095547773887
66,0.0,12,True,0.9686343171585793
67,0.0,48,True,0.9681590795397699
68,0.0,61,True,0.9676838419209605
69,0.0,200,False,0.967208604302151
70,0.0,9,True,0.9667333666833416
71,1.0,52,True,0.9662581290645322
72,0.0,12,True,0.9657828914457228
73,0.0,43,True,0.9653076538269134
74,0.0,27,True,0.9648324162081041
75,0.0,200,False,0.9643571785892946
76,0.0,14,True,0.9638819409704853
77,0.0,47,True,0.9634067033516759
78,0.0,48,True,0.9629314657328665
79,1.0,19,True,0.9624562281140571
80,0.0,172,True,0.9619809904952477
81,0.0,46,True,0.9615057528764382
82,0.0,21,True,0.9610305152576288
83,2.0,199,True,0.9605552776388194
84,0.0,200,False,0.96008004002001
85,1.0,28,True,0.9596048024012006
86,0.0,18,True,0.9591295647823912
87,0.0,101,True,0.9586543271635818
88,0.0,200,False,0.9581790895447724
89,0.0,14,True,0.957703851925963
90,0.0,56,True,0.9572286143071536
91,0.0,21,True,0.9567533766883441
92,0.0,17,True,0.9562781390695347
93,1.0,71,True,0.9558029014507253
94,0.0,39,True,0.9553276638319159
95,0.0,200,False,0.9548524262131065
96,2.0,100,True,0.9543771885942971
97,1.0,104,True,0.9539019509754878
98,0.0,18,True,0.9534267133566784
99,0.0,130,True,0.952951475737869
100,0.0,58,True,0.9524762381190596
101,0.0,69,True,0.9520010005002502
102,0.0,48,True,0.9515257628814408
103,1.0,96,True,0.9510505252626313
104,0.0,11,True,0.9505752876438219
105,0.0,39,True,0.9501000500250125
106,2.0,200,False,0.9496248124062031
107,0.0,11,True,0.9491495747873937
108,0.0,83,True,0.9486743371685843
109,0.0,38,True,0.9481990995497749
110,0.0,52,True,0.9477238619309655
111,0.0,200,False,0.9472486243121561
112,0.0,14,True,0.9467733866933467
113,1.0,160,True,0.9462981490745372
114,0.0,182,True,0.9458229114557278
115,1.0,42,True,0.9453476738369184
116,0.0,26,True,0.944872436218109
117,1.0,106,True,0.9443971985992996
118,0.0,9,True,0.9439219609804902
119,0.0,200,False,0.9434467233616808
120,0.0,9,True,0.9429714857428715
121,0.0,23,True,0.9424962481240621
122,0.0,66,True,0.9420210105052527
123,0.0,51,True,0.9415457728864433
124,0.0,151,True,0.9410705352676338
125,0.0,128,True,0.9405952976488244
126,0.0,102,True,0.940120060030015
127,0.0,19,True,0.9396448224112056
128,0.0,13,True,0.9391695847923962
129,0.0,33,True,0.9386943471735868
130,0.0,11,True,0.9382191095547774
131,0.0,33,True,0.937743871935968
132,0.0,200,False,0.9372686343171586
133,0.0,13,True,0.9367933966983492
134,0.0,172,True,0.9363181590795397
135,3.0,96,False,0.9358429214607303
136,0.0,60,True,0.9353676838419209
137,0.0,18,True,0.9348924462231115
138,0.0,26,True,0.9344172086043021
139,0.0,19,True,0.9339419709854928
140,0.0,19,True,0.9334667333666833
141,1.0,28,True,0.932991495747874
142,1.0,103,True,0.9325162581290646
143,0.0,21,True,0.9320410205102552
144,0.0,12,True,0.9315657828914458
145,0.0,113,True,0.9310905452726363
146,0.0,20,True,0.9306153076538269
147,0.0,32,True,0.9301400700350175
148,0.0,15,True,0.9296648324162081
149,0.0,5,True,0.9291895947973987
150,0.0,13,True,0.9287143571785893
151,1.0,27,True,0.9282391195597799
152,0.0,23,True,0.9277638819409705
153,1.0,193,True,0.9272886443221611
154,0.0,22,True,0.9268134067033517
155,0.0,15,True,0.9263381690845423
156,0.0,18,True,0.9258629314657328
157,0.0,36,True,0.9253876938469234
158,0.0,21,True,0.924912456228114
159,0.0,36,True,0.9244372186093046
160,0.0,14,True,0.9239619809904953
161,1.0,90,True,0.9234867433716858
162,0.0,76,True,0.9230115057528765
163,0.0,18,True,0.9225362681340671
164,1.0,8,True,0.9220610305152577
165,0.0,141,True,0.9215857928964483
166,1.0,94,True,0.9211105552776389
167,1.0,200,False,0.9206353176588294
168,0.0,10,True,0.92016008004002
169,0.0,19,True,0.9196848424212106
170,0.0,33,True,0.9192096048024012
171,1.0,93,True,0.9187343671835918
172,1.0,12,True,0.9182591295647824
173,2.0,49,True,0.917783891945973
174,1.0,66,True,0.9173086543271636
175,2.0,200,False,0.9168334167083542
176,1.0,54,True,0.9163581790895448
177,1.0,87,True,0.9158829414707353
178,0.0,20,True,0.9154077038519259
179,0.0,44,True,0.9149324662331165
180,0.0,168,True,0.9144572286143071
181,1.0,35,True,0.9139819909954977
182,0.0,59,True,0.9135067533766883
183,2.0,105,True,0.913031515757879
184,0.0,18,True,0.9125562781390695
185,1.0,16,True,0.9120810405202602
186,0.0,120,True,0.9116058029014508
187,0.0,11,True,0.9111305652826414
188,0.0,49,True,0.910655327663832
189,0.0,17,True,0.9101800900450225
190,2.0,200,False,0.9097048524262131
191,0.0,46,True,0.9092296148074037
192,0.0,46,True,0.9087543771885943
193,2.0,200,False,0.9082791395697849
194,1.0,19,True,0.9078039019509755
195,0.0,34,True,0.9073286643321661
196,0.0,35,True,0.9068534267133567
197,2.0,131,True,0.9063781890945473
198,2.0,200,False,0.9059029514757378
199,1.0,114,True,0.9054277138569284
200,1.0,156,True,0.904952476238119
201,0.0,24,True,0.9044772386193096
202,1.0,52,True,0.9040020010005002
203,0.0,35,True,0.9035267633816908
204,0.0,26,True,0.9030515257628815
205,0.0,73,True,0.9025762881440721
206,0.0,44,True,0.9021010505252627
207,2.0,200,False,0.9016258129064533
208,0.0,29,True,0.9011505752876439
209,2.0,177,True,0.9006753376688345
210,2.0,105,True,0.900200100050025
211,0.0,50,True,0.8997248624312156
212,1.0,41,True,0.8992496248124062
213,0.0,38,True,0.8987743871935968
214,0.0,111,True,0.8982991495747874
215,0.0,124,True,0.897823911955978
216,0.0,23,True,0.8973486743371686
217,0.0,28,True,0.8968734367183592
218,1.0,20,True,0.8963981990995498
219,0.0,96,True,0.8959229614807404
220,0.0,200,False,0.8954477238619309
221,0.0,77,True,0.8949724862431215
222,0.0,38,True,0.8944972486243121
223,2.0,84,True,0.8940220110055027
224,0.0,46,True,0.8935467733866933
225,1.0,32,True,0.893071535767884
226,1.0,50,True,0.8925962981490745
227,0.0,34,True,0.8921210605302652
228,2.0,170,True,0.8916458229114558
229,0.0,10,True,0.8911705852926464
230,0.0,31,True,0.890695347673837
231,3.0,86,False,0.8902201100550275
232,0.0,11,True,0.8897448724362181
233,0.0,102,True,0.8892696348174087
234,0.0,29,True,0.8887943971985993
235,0.0,64,True,0.8883191595797899
236,1.0,23,True,0.8878439219609805
237,0.0,52,True,0.8873686843421711
238,0.0,21,True,0.8868934467233617
239,0.0,17,True,0.8864182091045523
240,2.0,193,True,0.8859429714857429
241,0.0,56,True,0.8854677338669334
242,1.0,38,True,0.884992496248124
243,0.0,45,True,0.8845172586293146
244,2.0,82,True,0.8840420210105052
245,3.0,120,False,0.8835667833916958
246,0.0,86,True,0.8830915457728865
247,0.0,19,True,0.882616308154077
248,2.0,170,True,0.8821410705352677
249,0.0,15,True,0.8816658329164582
250,0.0,18,True,0.8811905952976489
251,0.0,73,True,0.8807153576788395
252,2.0,140,True,0.88024012006003
253,0.0,84,True,0.8797648824412206
254,0.0,10,True,0.8792896448224112
255,0.0,42,True,0.8788144072036018
256,0.0,68,True,0.8783391695847924
257,0.0,48,True,0.877863931965983
258,0.0,6,True,0.8773886943471736
259,0.0,32,True,0.8769134567283642
260,0.0,34,True,0.8764382191095548
261,2.0,200,False,0.8759629814907454
262,0.0,107,True,0.875487743871936
263,0.0,16,True,0.8750125062531265
264,0.0,47,True,0.8745372686343171
265,1.0,13,True,0.8740620310155077
266,2.0,123,True,0.8735867933966983
267,1.0,45,True,0.873111555777889
268,0.0,26,True,0.8726363181590795
269,1.0,23,True,0.8721610805402702
270,1.0,68,True,0.8716858429214607
271,0.0,23,True,0.8712106053026514
272,0.0,38,True,0.8707353676838419
273,2.0,171,True,0.8702601300650326
274,0.0,106,True,0.8697848924462231
275,2.0,149,True,0.8693096548274137
276,0.0,36,True,0.8688344172086043
277,0.0,37,True,0.8683591795897949
278,2.0,200,False,0.8678839419709855
279,0.0,17,True,0.8674087043521761
280,0.0,45,True,0.8669334667333667
281,0.0,89,True,0.8664582291145573
282,0.0,11,True,0.8659829914957479
283,0.0,51,True,0.8655077538769385
284,0.0,13,True,0.865032516258129
285,0.0,9,True,0.8645572786393196
286,1.0,15,True,0.8640820410205102
287,0.0,24,True,0.8636068034017008
288,3.0,146,False,0.8631315657828915
289,0.0,60,True,0.862656328164082
290,0.0,49,True,0.8621810905452727
291,1.0,67,True,0.8617058529264632
292,0.0,7,True,0.8612306153076539
293,0.0,35,True,0.8607553776888444
294,0.0,67,True,0.8602801400700351
295,0.0,8,True,0.8598049024512256
296,0.0,19,True,0.8593296648324162
297,0.0,44,True,0.8588544272136068
298,2.0,200,False,0.8583791895947974
299,0.0,6,True,0.857903951975988
300,1.0,200,False,0.8574287143571786
301,1.0,34,True,0.8569534767383692
302,0.0,103,True,0.8564782391195598
303,2.0,200,False,0.8560030015007504
304,0.0,17,True,0.855527763881941
305,1.0,23,True,0.8550525262631316
306,0.0,48,True,0.8545772886443221
307,0.0,7,True,0.8541020510255127
308,1.0,25,True,0.8536268134067033
309,2.0,151,True,0.853151575787894
310,0.0,14,True,0.8526763381690845
311,1.0,71,True,0.8522011005502752
312,0.0,115,True,0.8517258629314657
313,1.0,26,True,0.8512506253126564
314,1.0,28,True,0.850775387693847
315,3.0,135,False,0.8503001500750376
316,0.0,21,True,0.8498249124562282
317,1.0,50,True,0.8493496748374187
318,2.0,142,True,0.8488744372186093
319,0.0,39,True,0.8483991995997999
320,0.0,39,True,0.8479239619809905
321,2.0,132,True,0.8474487243621811
322,0.0,23,True,0.8469734867433717
323,0.0,38,True,0.8464982491245623
324,0.0,11,True,0.8460230115057529
325,0.0,66,True,0.8455477738869435
326,0.0,121,True,0.8450725362681341
327,0.0,29,True,0.8445972986493246
328,2.0,86,True,0.8441220610305152
329,0.0,14,True,0.8436468234117058
330,2.0,195,True,0.8431715857928964
331,1.0,31,True,0.842696348174087
332,0.0,11,True,0.8422211105552776
333,0.0,22,True,0.8417458729364682
334,0.0,58,True,0.8412706353176589
335,0.0,33,True,0.8407953976988495
336,0.0,83,True,0.8403201600800401
337,1.0,28,True,0.8398449224612307
338,0.0,11,True,0.8393696848424212
339,0.0,22,True,0.8388944472236118
340,0.0,40,True,0.8384192096048024
341,0.0,39,True,0.837943971985993
342,1.0,26,True,0.8374687343671836
343,2.0,27,True,0.8369934967483742
344,0.0,8,True,0.8365182591295648
345,0.0,7,True,0.8360430215107554
346,0.0,25,True,0.835567783891946
347,2.0,79,True,0.8350925462731366
348,0.0,73,True,0.8346173086543272
349,2.0,88,True,0.8341420710355177
350,2.0,148,True,0.8336668334167083
351,0.0,15,True,0.8331915957978989
352,0.0,18,True,0.8327163581790895
353,2.0,182,True,0.8322411205602802
354,1.0,22,True,0.8317658829414707
355,0.0,77,True,0.8312906453226614
356,0.0,9,True,0.8308154077038519
357,0.0,103,True,0.8303401700850426
358,2.0,173,True,0.829864932466233
359,2.0,72,True,0.8293896948474238
360,0.0,81,True,0.8289144572286143
361,0.0,18,True,0.8284392196098049
362,0.0,37,True,0.8279639819909955
363,2.0,174,True,0.8274887443721861
364,0.0,35,True,0.8270135067533767
365,0.0,60,True,0.8265382691345673
366,2.0,111,True,0.8260630315157579
367,1.0,25,True,0.8255877938969485
368,0.0,85,True,0.8251125562781391
369,1.0,35,True,0.8246373186593297
370,1.0,59,True,0.8241620810405202
371,2.0,126,True,0.8236868434217108
372,0.0,10,True,0.8232116058029014
373,3.0,116,False,0.822736368184092
374,0.0,8,True,0.8222611305652827
375,0.0,135,True,0.8217858929464732
376,0.0,12,True,0.8213106553276639
377,1.0,28,True,0.8208354177088544
378,0.0,43,True,0.8203601800900451
379,0.0,68,True,0.8198849424712356
380,3.0,112,False,0.8194097048524263
381,2.0,74,True,0.8189344672336168
382,1.0,34,True,0.8184592296148074
383,0.0,13,True,0.817983991995998
384,0.0,15,True,0.8175087543771886
385,0.0,13,True,0.8170335167583792
386,1.0,10,True,0.8165582791395698
387,2.0,93,True,0.8160830415207604
388,0.0,62,True,0.815607803901951
389,3.0,71,False,0.8151325662831416
390,0.0,132,True,0.8146573286643322
391,0.0,9,True,0.8141820910455227
392,0.0,43,True,0.8137068534267133
393,3.0,149,False,0.8132316158079039
394,0.0,47,True,0.8127563781890945
395,0.0,61,True,0.8122811405702852
396,0.0,7,True,0.8118059029514757
397,0.0,26,True,0.8113306653326664
398,0.0,53,True,0.8108554277138569
399,1.0,68,True,0.8103801900950476
400,0.0,11,True,0.8099049524762382
401,0.0,69,True,0.8094297148574288
402,0.0,70,True,0.8089544772386194
403,0.0,27,True,0.8084792396198099
404,2.0,200,False,0.8080040020010005
405,2.0,130,True,0.8075287643821911
406,0.0,23,True,0.8070535267633817
407,0.0,21,True,0.8065782891445723
408,0.0,7,True,0.8061030515257629
409,0.0,11,True,0.8056278139069535
410,0.0,56,True,0.8051525762881441
411,2.0,72,True,0.8046773386693347
412,0.0,57,True,0.8042021010505253
413,0.0,50,True,0.8037268634317158
414,0.0,35,True,0.8032516258129064
415,0.0,88,True,0.802776388194097
416,2.0,97,True,0.8023011505752876
417,0.0,19,True,0.8018259129564782
418,0.0,17,True,0.8013506753376689
419,2.0,49,True,0.8008754377188594
420,2.0,67,True,0.8004002001000501
421,0.0,42,True,0.7999249624812407
422,3.0,194,False,0.7994497248624313
423,0.0,12,True,0.7989744872436219
424,2.0,97,True,0.7984992496248124
425,2.0,101,True,0.798024012006003
426,2.0,34,True,0.7975487743871936
427,0.0,64,True,0.7970735367683842
428,3.0,89,False,0.7965982991495748
429,0.0,22,True,0.7961230615307654
430,0.0,14,True,0.795647823911956
431,1.0,19,True,0.7951725862931466
432,0.0,12,True,0.7946973486743372
433,1.0,25,True,0.7942221110555278
434,2.0,157,True,0.7937468734367183
435,1.0,25,True,0.7932716358179089
436,3.0,99,False,0.7927963981990995
437,2.0,32,True,0.7923211605802901
438,0.0,57,True,0.7918459229614807
439,2.0,53,True,0.7913706853426714
440,2.0,70,True,0.7908954477238619
441,0.0,10,True,0.7904202101050526
442,1.0,10,True,0.7899449724862431
443,0.0,12,True,0.7894697348674338
444,0.0,17,True,0.7889944972486242
445,2.0,95,True,0.788519259629815
446,0.0,35,True,0.7880440220110055
447,3.0,197,False,0.7875687843921961
448,0.0,30,True,0.7870935467733867
449,1.0,12,True,0.7866183091545773
450,1.0,43,True,0.7861430715357679
451,3.0,175,False,0.7856678339169585
452,2.0,138,True,0.7851925962981491
453,2.0,102,True,0.7847173586793397
454,0.0,23,True,0.7842421210605303
455,0.0,8,True,0.7837668834417209
456,1.0,28,True,0.7832916458229114
457,2.0,56,True,0.782816408204102
458,0.0,25,True,0.7823411705852926
459,3.0,130,False,0.7818659329664832
460,3.0,103,False,0.7813906953476739
461,0.0,14,True,0.7809154577288644
462,0.0,10,True,0.7804402201100551
463,0.0,15,True,0.7799649824912456
464,2.0,57,True,0.7794897448724363
465,0.0,16,True,0.7790145072536268
466,1.0,18,True,0.7785392696348175
467,0.0,39,True,0.778064032016008
468,2.0,77,True,0.7775887943971986
469,0.0,6,True,0.7771135567783892
470,1.0,21,True,0.7766383191595798
471,3.0,55,False,0.7761630815407704
472,3.0,83,False,0.775687843921961
473,1.0,31,True,0.7752126063031516
474,0.0,35,True,0.7747373686843422
475,2.0,51,True,0.7742621310655328
476,0.0,27,True,0.7737868934467234
477,3.0,92,False,0.773311655827914
478,2.0,79,True,0.7728364182091045
479,2.0,117,True,0.7723611805902952
480,3.0,56,False,0.7718859429714857
481,0.0,25,True,0.7714107053526764
482,2.0,58,True,0.7709354677338669
483,0.0,14,True,0.7704602301150575
484,3.0,61,False,0.7699849924962481
485,0.0,46,True,0.7695097548774388
486,1.0,18,True,0.7690345172586294
487,0.0,8,True,0.76855927963982
488,0.0,29,True,0.7680840420210105
489,3.0,78,False,0.7676088044022011
490,0.0,33,True,0.7671335667833917
491,0.0,7,True,0.7666583291645823
492,3.0,56,False,0.7661830915457729
493,3.0,64,False,0.7657078539269635
494,0.0,11,True,0.7652326163081541
495,0.0,45,True,0.7647573786893447
496,0.0,11,True,0.7642821410705353
497,0.0,25,True,0.7638069034517259
498,0.0,33,True,0.7633316658329165
499,3.0,83,False,0.762856428214107
500,3.0,103,False,0.7623811905952976
501,0.0,18,True,0.7619059529764882
502,0.0,23,True,0.7614307153576788
503,2.0,80,True,0.7609554777388694
504,2.0,120,True,0.7604802401200601
505,0.0,37,True,0.7600050025012506
506,3.0,84,False,0.7595297648824413
507,0.0,43,True,0.7590545272636319
508,0.0,10,True,0.7585792896448225
509,0.0,10,True,0.758104052026013
510,0.0,19,True,0.7576288144072036
511,1.0,79,True,0.7571535767883942
512,3.0,94,False,0.7566783391695848
513,1.0,27,True,0.7562031015507754
514,0.0,18,True,0.755727863931966
515,1.0,20,True,0.7552526263131566
516,3.0,79,False,0.7547773886943472
517,3.0,85,False,0.7543021510755378
518,0.0,14,True,0.7538269134567284
519,3.0,74,False,0.753351675837919
520,3.0,74,False,0.7528764382191095
521,0.0,9,True,0.7524012006003001
522,0.0,41,True,0.7519259629814907
523,3.0,110,False,0.7514507253626814
524,3.0,130,False,0.7509754877438719
525,3.0,98,False,0.7505002501250625
526,1.0,25,True,0.7500250125062531
527,3.0,110,False,0.7495497748874438
528,0.0,12,True,0.7490745372686343
529,3.0,60,False,0.748599299649825
530,0.0,10,True,0.7481240620310154
531,0.0,20,True,0.7476488244122061
532,0.0,41,True,0.7471735867933967
533,3.0,108,False,0.7466983491745873
534,1.0,16,True,0.7462231115557779
535,0.0,30,True,0.7457478739369685
536,0.0,13,True,0.7452726363181591
537,3.0,69,False,0.7447973986993497
538,0.0,9,True,0.7443221610805403
539,1.0,22,True,0.7438469234617309
540,0.0,13,True,0.7433716858429215
541,2.0,18,True,0.742896448224112
542,3.0,68,False,0.7424212106053026
543,3.0,110,False,0.7419459729864932
544,1.0,18,True,0.7414707353676838
545,0.0,11,True,0.7409954977488744
546,3.0,81,False,0.7405202601300651
547,3.0,69,False,0.7400450225112556
548,3.0,121,False,0.7395697848924463
549,1.0,29,True,0.7390945472736368
550,0.0,6,True,0.7386193096548275
551,0.0,14,True,0.7381440720360181
552,2.0,107,True,0.7376688344172087
553,1.0,34,True,0.7371935967983991
554,0.0,29,True,0.7367183591795898
555,3.0,50,False,0.7362431215607803
556,3.0,45,False,0.735767883941971
557,0.0,29,True,0.7352926463231616
558,0.0,15,True,0.7348174087043522
559,3.0,76,False,0.7343421710855428
560,2.0,58,True,0.7338669334667334
561,1.0,28,True,0.733391695847924
562,0.0,77,True,0.7329164582291146
563,1.0,27,True,0.7324412206103051
564,3.0,29,False,0.7319659829914957
565,3.0,72,False,0.7314907453726864
566,1.0,33,True,0.7310155077538769
567,0.0,16,True,0.7305402701350676
568,1.0,22,True,0.7300650325162581
569,1.0,9,True,0.7295897948974488
570,1.0,45,True,0.7291145572786393
571,3.0,65,False,0.72863931965983
572,1.0,44,True,0.7281640820410205
573,3.0,48,False,0.7276888444222112
574,1.0,26,True,0.7272136068034016
575,1.0,61,True,0.7267383691845923
576,0.0,5,True,0.7262631315657829
577,1.0,51,True,0.7257878939469735
578,1.0,17,True,0.725312656328164
579,3.0,53,False,0.7248374187093547
580,0.0,16,True,0.7243621810905453
581,3.0,93,False,0.7238869434717359
582,0.0,22,True,0.7234117058529265
583,0.0,15,True,0.7229364682341171
584,3.0,45,False,0.7224612306153078
585,0.0,17,True,0.7219859929964982
586,3.0,115,False,0.7215107553776888
587,3.0,58,False,0.7210355177588794
588,0.0,79,True,0.7205602801400701
589,1.0,47,True,0.7200850425212606
590,3.0,60,False,0.7196098049024513
591,3.0,57,False,0.7191345672836418
592,0.0,26,True,0.7186593296648325
593,3.0,109,False,0.718184092046023
594,0.0,9,True,0.7177088544272137
595,1.0,14,True,0.7172336168084043
596,3.0,43,False,0.7167583791895948
597,3.0,59,False,0.7162831415707853
598,3.0,59,False,0.715807903951976
599,3.0,37,False,0.7153326663331666
600,0.0,15,True,0.7148574287143572
601,3.0,46,False,0.7143821910955478
602,0.0,20,True,0.7139069534767384
603,1.0,21,True,0.713431715857929
604,3.0,36,False,0.7129564782391196
605,3.0,73,False,0.7124812406203102
606,3.0,79,False,0.7120060030015007
607,0.0,48,True,0.7115307653826914
608,3.0,70,False,0.7110555277638819
609,3.0,58,False,0.7105802901450726
610,1.0,13,True,0.7101050525262631
611,0.0,22,True,0.7096298149074537
612,1.0,53,True,0.7091545772886443
613,1.0,60,True,0.708679339669835
614,3.0,61,False,0.7082041020510255
615,3.0,117,False,0.7077288644322162
616,0.0,23,True,0.7072536268134066
617,3.0,94,False,0.7067783891945973
618,3.0,108,False,0.7063031515757879
619,3.0,50,False,0.7058279139569785
620,0.0,30,True,0.7053526763381691
621,3.0,49,False,0.7048774387193597
622,3.0,47,False,0.7044022011005503
623,0.0,20,True,0.7039269634817409
624,1.0,18,True,0.7034517258629315
625,3.0,72,False,0.7029764882441221
626,1.0,52,True,0.7025012506253127
627,0.0,47,True,0.7020260130065032
628,0.0,23,True,0.701550775387694
629,3.0,69,False,0.7010755377688844
630,3.0,49,False,0.700600300150075
631,3.0,68,False,0.7001250625312656
632,0.0,16,True,0.6996498249124563
633,1.0,60,True,0.6991745872936468
634,1.0,17,True,0.6986993496748375
635,0.0,6,True,0.698224112056028
636,3.0,68,False,0.6977488744372187
637,3.0,39,False,0.6972736368184093
638,3.0,89,False,0.6967983991995998
639,3.0,73,False,0.6963231615807903
640,1.0,36,True,0.695847923961981
641,3.0,98,False,0.6953726863431715
642,1.0,13,True,0.6948974487243622
643,3.0,87,False,0.6944222111055528
644,1.0,28,True,0.6939469734867434
645,3.0,40,False,0.693471735867934
646,3.0,43,False,0.6929964982491246
647,3.0,91,False,0.6925212606303152
648,1.0,15,True,0.6920460230115058
649,3.0,85,False,0.6915707853926963
650,0.0,13,True,0.6910955477738869
651,0.0,24,True,0.6906203101550776
652,0.0,14,True,0.6901450725362681
653,0.0,13,True,0.6896698349174588
654,3.0,80,False,0.6891945972986493
655,3.0,76,False,0.68871935967984
656,0.0,5,True,0.6882441220610305
657,1.0,22,True,0.6877688844422212
658,0.0,28,True,0.6872936468234117
659,0.0,21,True,0.6868184092046024
660,1.0,44,True,0.6863431715857928
661,0.0,5,True,0.6858679339669835
662,0.0,8,True,0.6853926963481741
663,0.0,21,True,0.6849174587293647
664,0.0,8,True,0.6844422211105552
665,0.0,9,True,0.6839669834917459
666,0.0,9,True,0.6834917458729365
667,3.0,151,False,0.6830165082541271
668,3.0,74,False,0.6825412706353177
669,0.0,6,True,0.6820660330165083
670,0.0,15,True,0.681590795397699
671,1.0,24,True,0.6811155577788894
672,3.0,67,False,0.68064032016008
673,3.0,69,False,0.6801650825412706
674,1.0,40,True,0.6796898449224613
675,1.0,37,True,0.6792146073036518
676,1.0,27,True,0.6787393696848425
677,1.0,40,True,0.678264132066033
678,3.0,50,False,0.6777888944472237
679,0.0,9,True,0.6773136568284142
680,3.0,82,False,0.6768384192096049
681,0.0,8,True,0.6763631815907954
682,0.0,7,True,0.675887943971986
683,1.0,11,True,0.6754127063531765
684,0.0,7,True,0.6749374687343672
685,3.0,59,False,0.6744622311155578
686,0.0,6,True,0.6739869934967484
687,0.0,5,True,0.673511755877939
688,0.0,13,True,0.6730365182591296
689,3.0,54,False,0.6725612806403203
690,0.0,28,True,0.6720860430215108
691,3.0,54,False,0.6716108054027013
692,3.0,61,False,0.6711355677838919
693,0.0,10,True,0.6706603301650826
694,3.0,49,False,0.6701850925462731
695,3.0,48,False,0.6697098549274638
696,0.0,7,True,0.6692346173086543
697,3.0,89,False,0.6687593796898449
698,3.0,64,False,0.6682841420710355
699,0.0,6,True,0.6678089044522262
700,1.0,16,True,0.6673336668334167
701,3.0,31,False,0.6668584292146074
702,3.0,34,False,0.6663831915957978
703,1.0,17,True,0.6659079539769885
704,0.0,33,True,0.6654327163581791
705,0.0,9,True,0.6649574787393697
706,3.0,79,False,0.6644822411205603
707,3.0,76,False,0.6640070035017509
708,3.0,40,False,0.6635317658829415
709,3.0,39,False,0.6630565282641321
710,3.0,42,False,0.6625812906453227
711,3.0,48,False,0.6621060530265133
712,3.0,40,False,0.6616308154077039
713,1.0,10,True,0.6611555777888944
714,3.0,72,False,0.6606803401700851
715,1.0,26,True,0.6602051025512756
716,3.0,54,False,0.6597298649324662
717,3.0,59,False,0.6592546273136568
718,3.0,62,False,0.6587793896948475
719,3.0,51,False,0.658304152076038
720,3.0,48,False,0.6578289144572287
721,3.0,43,False,0.6573536768384192
722,3.0,48,False,0.6568784392196099
723,3.0,79,False,0.6564032016008003
724,1.0,23,True,0.655927963981991
725,1.0,16,True,0.6554527263631815
726,1.0,19,True,0.6549774887443722
727,1.0,16,True,0.6545022511255627
728,0.0,41,True,0.6540270135067534
729,3.0,40,False,0.653551775887944
730,0.0,8,True,0.6530765382691346
731,3.0,68,False,0.6526013006503252
732,0.0,15,True,0.6521260630315158
733,0.0,10,True,0.6516508254127064
734,3.0,39,False,0.651175587793897
735,0.0,26,True,0.6507003501750875
736,3.0,103,False,0.6502251125562781
737,0.0,7,True,0.6497498749374688
738,3.0,32,False,0.6492746373186593
739,3.0,106,False,0.64879939969985
740,0.0,28,True,0.6483241620810405
741,3.0,59,False,0.6478489244622312
742,3.0,63,False,0.6473736868434217
743,0.0,26,True,0.6468984492246124
744,3.0,75,False,0.6464232116058028
745,3.0,50,False,0.6459479739869936
746,3.0,127,False,0.645472736368184
747,0.0,13,True,0.6449974987493747
748,0.0,7,True,0.6445222611305653
749,3.0,57,False,0.6440470235117559
750,3.0,38,False,0.6435717858929465
751,3.0,51,False,0.6430965482741371
752,3.0,51,False,0.6426213106553277
753,3.0,68,False,0.6421460730365183
754,0.0,28,True,0.6416708354177089
755,0.0,9,True,0.6411955977988995
756,3.0,51,False,0.6407203601800902
757,3.0,45,False,0.6402451225612806
758,3.0,52,False,0.6397698849424712
759,3.0,64,False,0.6392946473236618
760,3.0,107,False,0.6388194097048525
761,0.0,10,True,0.638344172086043
762,1.0,39,True,0.6378689344672337
763,0.0,24,True,0.6373936968484242
764,3.0,42,False,0.6369184592296149
765,3.0,55,False,0.6364432216108054
766,3.0,58,False,0.635967983991996
767,3.0,60,False,0.6354927463731866
768,0.0,6,True,0.6350175087543772
769,1.0,12,True,0.6345422711355677
770,0.0,8,True,0.6340670335167584
771,0.0,19,True,0.633591795897949
772,3.0,43,False,0.6331165582791396
773,3.0,56,False,0.6326413206603302
774,1.0,18,True,0.6321660830415208
775,3.0,26,False,0.6316908454227115
776,3.0,87,False,0.631215607803902
777,3.0,56,False,0.6307403701850925
778,3.0,51,False,0.6302651325662831
779,1.0,17,True,0.6297898949474738
780,0.0,19,True,0.6293146573286643
781,1.0,17,True,0.628839419709855
782,3.0,36,False,0.6283641820910455
783,1.0,28,True,0.6278889444722361
784,3.0,62,False,0.6274137068534267
785,3.0,66,False,0.6269384692346174
786,0.0,17,True,0.6264632316158079
787,3.0,52,False,0.6259879939969986
788,3.0,127,False,0.625512756378189
789,3.0,82,False,0.6250375187593797
790,3.0,60,False,0.6245622811405703
791,3.0,53,False,0.6240870435217609
792,0.0,12,True,0.6236118059029515
793,3.0,89,False,0.6231365682841421
794,3.0,38,False,0.6226613306653327
795,0.0,9,True,0.6221860930465233
796,3.0,47,False,0.6217108554277139
797,3.0,67,False,0.6212356178089045
798,3.0,30,False,0.620760380190095
799,3.0,58,False,0.6202851425712856
800,3.0,45,False,0.6198099049524763
801,0.0,9,True,0.6193346673336668
802,3.0,144,False,0.6188594297148574
803,3.0,55,False,0.618384192096048
804,0.0,20,True,0.6179089544772387
805,3.0,44,False,0.6174337168584292
806,0.0,5,True,0.6169584792396199
807,1.0,9,True,0.6164832416208104
808,3.0,70,False,0.6160080040020011
809,3.0,35,False,0.6155327663831915
810,3.0,28,False,0.6150575287643822
811,1.0,13,True,0.6145822911455728
812,3.0,45,False,0.6141070535267634
813,3.0,63,False,0.6136318159079539
814,0.0,16,True,0.6131565782891446
815,3.0,94,False,0.6126813406703352
816,3.0,71,False,0.6122061030515258
817,3.0,51,False,0.6117308654327164
818,3.0,77,False,0.611255627813907
819,0.0,7,True,0.6107803901950976
820,0.0,7,True,0.6103051525762881
821,0.0,11,True,0.6098299149574787
822,3.0,58,False,0.6093546773386693
823,1.0,10,True,0.60887943971986
824,1.0,11,True,0.6084042021010505
825,3.0,42,False,0.6079289644822412
826,3.0,67,False,0.6074537268634317
827,3.0,53,False,0.6069784892446224
828,1.0,19,True,0.6065032516258129
829,3.0,62,False,0.6060280140070036
830,0.0,27,True,0.605552776388194
831,1.0,33,True,0.6050775387693847
832,3.0,53,False,0.6046023011505752
833,3.0,57,False,0.6041270635317659
834,3.0,88,False,0.6036518259129565
835,0.0,6,True,0.6031765882941471
836,3.0,39,False,0.6027013506753377
837,3.0,57,False,0.6022261130565283
838,3.0,60,False,0.6017508754377189
839,3.0,47,False,0.6012756378189095
840,3.0,48,False,0.6008004002001001
841,3.0,80,False,0.6003251625812907
842,0.0,7,True,0.5998499249624814
843,3.0,28,False,0.5993746873436718
844,0.0,9,True,0.5988994497248624
845,3.0,38,False,0.598424212106053
846,3.0,44,False,0.5979489744872437
847,3.0,38,False,0.5974737368684342
848,3.0,27,False,0.5969984992496249
849,3.0,32,False,0.5965232616308154
850,0.0,11,True,0.5960480240120061
851,3.0,47,False,0.5955727863931966
852,3.0,52,False,0.5950975487743873
853,3.0,47,False,0.5946223111555778
854,1.0,36,True,0.5941470735367684
855,1.0,24,True,0.5936718359179589
856,1.0,22,True,0.5931965982991496
857,3.0,62,False,0.5927213606803402
858,3.0,37,False,0.5922461230615308
859,0.0,16,True,0.5917708854427214
860,0.0,8,True,0.591295647823912
861,3.0,41,False,0.5908204102051027
862,3.0,62,False,0.5903451725862932
863,3.0,62,False,0.5898699349674837
864,0.0,11,True,0.5893946973486743
865,3.0,45,False,0.5889194597298649
866,0.0,15,True,0.5884442221110555
867,3.0,48,False,0.5879689844922462
868,3.0,36,False,0.5874937468734367
869,3.0,70,False,0.5870185092546273
870,1.0,28,True,0.5865432716358179
871,3.0,62,False,0.5860680340170086
872,3.0,42,False,0.5855927963981992
873,3.0,66,False,0.5851175587793898
874,3.0,43,False,0.5846423211605802
875,0.0,34,True,0.5841670835417709
876,3.0,58,False,0.5836918459229615
877,3.0,59,False,0.5832166083041521
878,0.0,22,True,0.5827413706853427
879,3.0,58,False,0.5822661330665333
880,0.0,12,True,0.5817908954477239
881,0.0,15,True,0.5813156578289145
882,3.0,53,False,0.5808404202101051
883,0.0,13,True,0.5803651825912957
884,3.0,37,False,0.5798899449724862
885,3.0,62,False,0.5794147073536768
886,3.0,70,False,0.5789394697348675
887,3.0,37,False,0.578464232116058
888,3.0,40,False,0.5779889944972486
889,1.0,19,True,0.5775137568784392
890,3.0,38,False,0.5770385192596299
891,3.0,50,False,0.5765632816408204
892,0.0,16,True,0.5760880440220111
893,3.0,41,False,0.5756128064032016
894,3.0,47,False,0.5751375687843923
895,1.0,17,True,0.5746623311655827
896,3.0,84,False,0.5741870935467734
897,0.0,9,True,0.573711855927964
898,3.0,39,False,0.5732366183091546
899,3.0,44,False,0.5727613806903451
900,3.0,80,False,0.5722861430715358
901,3.0,95,False,0.5718109054527264
902,0.0,7,True,0.571335667833917
903,0.0,14,True,0.5708604302151076
904,0.0,17,True,0.5703851925962982
905,3.0,60,False,0.5699099549774888
906,3.0,49,False,0.5694347173586793
907,3.0,27,False,0.5689594797398699
908,0.0,11,True,0.5684842421210605
909,3.0,36,False,0.5680090045022512
910,3.0,54,False,0.5675337668834417
911,3.0,71,False,0.5670585292646324
912,1.0,17,True,0.5665832916458229
913,3.0,44,False,0.5661080540270136
914,3.0,48,False,0.5656328164082041
915,3.0,51,False,0.5651575787893948
916,3.0,39,False,0.5646823411705852
917,0.0,7,True,0.564207103551776
918,3.0,46,False,0.5637318659329664
919,3.0,46,False,0.5632566283141571
920,3.0,45,False,0.5627813906953477
921,0.0,22,True,0.5623061530765383
922,3.0,31,False,0.5618309154577289
923,0.0,10,True,0.5613556778389195
924,0.0,12,True,0.5608804402201101
925,3.0,46,False,0.5604052026013007
926,3.0,40,False,0.5599299649824913
927,0.0,18,True,0.5594547273636818
928,3.0,44,False,0.5589794897448725
929,3.0,65,False,0.558504252126063
930,0.0,5,True,0.5580290145072536
931,3.0,44,False,0.5575537768884442
932,0.0,20,True,0.5570785392696349
933,3.0,49,False,0.5566033016508254
934,3.0,36,False,0.5561280640320161
935,0.0,8,True,0.5556528264132066
936,0.0,12,True,0.5551775887943973
937,0.0,8,True,0.5547023511755877
938,1.0,15,True,0.5542271135567785
939,3.0,51,False,0.553751875937969
940,3.0,49,False,0.5532766383191596
941,3.0,47,False,0.5528014007003501
942,3.0,43,False,0.5523261630815408
943,3.0,43,False,0.5518509254627314
944,3.0,34,False,0.551375687843922
945,0.0,33,True,0.5509004502251126
946,3.0,36,False,0.5504252126063032
947,3.0,31,False,0.5499499749874939
948,3.0,76,False,0.5494747373686844
949,3.0,35,False,0.5489994997498749
950,3.0,42,False,0.5485242621310655
951,3.0,40,False,0.5480490245122561
952,3.0,49,False,0.5475737868934467
953,3.0,74,False,0.5470985492746374
954,3.0,58,False,0.5466233116558279
955,0.0,18,True,0.5461480740370185
956,3.0,27,False,0.5456728364182091
957,3.0,39,False,0.5451975987993998
958,0.0,8,True,0.5447223611805904
959,1.0,10,True,0.544247123561781
960,3.0,29,False,0.5437718859429714
961,0.0,9,True,0.5432966483241621
962,3.0,62,False,0.5428214107053527
963,3.0,49,False,0.5423461730865433
964,3.0,35,False,0.5418709354677339
965,3.0,69,False,0.5413956978489245
966,3.0,50,False,0.540920460230115
967,3.0,39,False,0.5404452226113057
968,1.0,18,True,0.5399699849924963
969,0.0,19,True,0.5394947473736869
970,3.0,32,False,0.5390195097548774
971,3.0,41,False,0.538544272136068
972,3.0,78,False,0.5380690345172587
973,3.0,49,False,0.5375937968984492
974,3.0,42,False,0.5371185592796398
975,0.0,15,True,0.5366433216608304
976,3.0,56,False,0.5361680840420211
977,3.0,49,False,0.5356928464232116
978,3.0,54,False,0.5352176088044023
979,3.0,28,False,0.5347423711855928
980,2.0,42,True,0.5342671335667835
981,3.0,31,False,0.5337918959479739
982,3.0,49,False,0.5333166583291646
983,0.0,8,True,0.5328414207103552
984,3.0,51,False,0.5323661830915458
985,3.0,53,False,0.5318909454727363
986,3.0,53,False,0.531415707853927
987,0.0,15,True,0.5309404702351176
988,3.0,45,False,0.5304652326163082
989,3.0,23,False,0.5299899949974988
990,3.0,48,False,0.5295147573786894
991,3.0,40,False,0.52903951975988
992,3.0,57,False,0.5285642821410705
993,1.0,18,True,0.5280890445222611
994,3.0,39,False,0.5276138069034517
995,3.0,45,False,0.5271385692846424
996,1.0,15,True,0.5266633316658329
997,3.0,33,False,0.5261880940470236
998,3.0,48,False,0.5257128564282141
999,3.0,35,False,0.5252376188094048
1000,3.0,36,False,0.5247623811905953
1001,3.0,45,False,0.524287143571786
1002,3.0,51,False,0.5238119059529766
1003,0.0,10,True,0.5233366683341671
1004,3.0,72,False,0.5228614307153576
1005,3.0,27,False,0.5223861930965483
1006,3.0,22,False,0.5219109554777388
1007,3.0,48,False,0.5214357178589295
1008,3.0,37,False,0.5209604802401201
1009,3.0,37,False,0.5204852426213107
1010,3.0,39,False,0.5200100050025013
1011,3.0,19,False,0.5195347673836919
1012,0.0,11,True,0.5190595297648826
1013,0.0,7,True,0.518584292146073
1014,0.0,21,True,0.5181090545272637
1015,3.0,40,False,0.5176338169084542
1016,3.0,63,False,0.5171585792896448
1017,3.0,49,False,0.5166833416708354
1018,3.0,34,False,0.5162081040520261
1019,0.0,11,True,0.5157328664332166
1020,0.0,14,True,0.5152576288144073
1021,3.0,60,False,0.5147823911955979
1022,0.0,5,True,0.5143071535767885
1023,3.0,58,False,0.513831915957979
1024,0.0,13,True,0.5133566783391696
1025,3.0,37,False,0.5128814407203601
1026,3.0,34,False,0.5124062031015508
1027,3.0,55,False,0.5119309654827414
1028,0.0,5,True,0.511455727863932
1029,3.0,37,False,0.5109804902451226
1030,3.0,32,False,0.5105052526263132
1031,3.0,65,False,0.5100300150075037
1032,0.0,18,True,0.5095547773886944
1033,3.0,35,False,0.5090795397698851
1034,3.0,57,False,0.5086043021510755
1035,3.0,47,False,0.5081290645322661
1036,3.0,53,False,0.5076538269134567
1037,3.0,28,False,0.5071785892946474
1038,1.0,19,True,0.5067033516758379
1039,3.0,36,False,0.5062281140570286
1040,3.0,71,False,0.5057528764382192
1041,1.0,40,True,0.5052776388194097
1042,0.0,10,True,0.5048024012006003
1043,0.0,6,True,0.504327163581791
1044,0.0,5,True,0.5038519259629815
1045,3.0,74,False,0.5033766883441722
1046,3.0,32,False,0.5029014507253627
1047,0.0,9,True,0.5024262131065533
1048,3.0,45,False,0.5019509754877439
1049,3.0,40,False,0.5014757378689345
1050,3.0,30,False,0.501000500250125
1051,3.0,47,False,0.5005252626313157
1052,3.0,38,False,0.5000500250125063
1053,0.0,13,True,0.4995747873936969
1054,3.0,43,False,0.49909954977488746
1055,3.0,25,False,0.49862431215607805
1056,3.0,49,False,0.49814907453726864
1057,3.0,49,False,0.49767383691845923
1058,3.0,31,False,0.4971985992996498
1059,3.0,35,False,0.4967233616808404
1060,1.0,16,True,0.496248124062031
1061,3.0,34,False,0.4957728864432217
1062,3.0,35,False,0.4952976488244123
1063,3.0,33,False,0.4948224112056028
1064,3.0,50,False,0.4943471735867935
1065,3.0,40,False,0.49387193596798407
1066,3.0,38,False,0.49339669834917455
1067,3.0,47,False,0.49292146073036525
1068,3.0,48,False,0.49244622311155584
1069,0.0,14,True,0.4919709854927463
1070,3.0,35,False,0.491495747873937
1071,1.0,9,True,0.4910205102551276
1072,3.0,46,False,0.4905452726363182
1073,0.0,9,True,0.4900700350175088
1074,3.0,31,False,0.4895947973986994
1075,3.0,33,False,0.48911955977988997
1076,0.0,7,True,0.48864432216108056
1077,3.0,36,False,0.48816908454227115
1078,3.0,36,False,0.48769384692346174
1079,3.0,30,False,0.48721860930465233
1080,0.0,9,True,0.4867433716858429
1081,3.0,35,False,0.4862681340670335
1082,3.0,67,False,0.4857928964482241
1083,3.0,42,False,0.4853176588294148
1084,3.0,35,False,0.4848424212106053
1085,0.0,6,True,0.48436718359179587
1086,3.0,34,False,0.48389194597298657
1087,1.0,7,True,0.48341670835417716
1088,0.0,7,True,0.48294147073536764
1089,3.0,38,False,0.48246623311655834
1090,0.0,16,True,0.48199099549774893
1091,0.0,5,True,0.4815157578789395
1092,3.0,29,False,0.4810405202601301
1093,1.0,10,True,0.4805652826413207
1094,1.0,10,True,0.4800900450225113
1095,3.0,27,False,0.4796148074037019
1096,0.0,6,True,0.47913956978489247
1097,0.0,17,True,0.47866433216608306
1098,3.0,38,False,0.47818909454727365
1099,0.0,5,True,0.47771385692846424
1100,3.0,34,False,0.47723861930965483
1101,3.0,40,False,0.4767633816908454
1102,0.0,10,True,0.4762881440720361
1103,3.0,44,False,0.4758129064532266
1104,0.0,12,True,0.4753376688344172
1105,0.0,13,True,0.4748624312156079
1106,1.0,18,True,0.4743871935967984
1107,3.0,38,False,0.47391195597798896
1108,3.0,26,False,0.47343671835917966
1109,3.0,48,False,0.47296148074037014
1110,3.0,33,False,0.47248624312156073
1111,3.0,47,False,0.47201100550275144
1112,3.0,28,False,0.471535767883942
1113,3.0,37,False,0.4710605302651326
1114,0.0,18,True,0.4705852926463232
1115,0.0,14,True,0.4701100550275138
1116,3.0,37,False,0.4696348174087044
1117,3.0,25,False,0.469159579789895
1118,1.0,9,True,0.46868434217108557
1119,3.0,45,False,0.46820910455227616
1120,0.0,13,True,0.46773386693346675
1121,1.0,16,True,0.46725862931465734
1122,3.0,38,False,0.4667833916958479
1123,0.0,13,True,0.4663081540770385
1124,3.0,45,False,0.4658329164582292
1125,3.0,30,False,0.4653576788394197
1126,0.0,8,True,0.4648824412206103
1127,0.0,14,True,0.464407203601801
1128,3.0,50,False,0.46393196598299147
1129,1.0,12,True,0.46345672836418206
1130,3.0,56,False,0.46298149074537276
1131,3.0,45,False,0.46250625312656324
1132,3.0,30,False,0.46203101550775394
1133,1.0,8,True,0.46155577788894453
1134,3.0,46,False,0.4610805402701351
1135,3.0,32,False,0.4606053026513257
1136,3.0,52,False,0.4601300650325163
1137,3.0,37,False,0.4596548274137069
1138,3.0,41,False,0.4591795897948975
1139,3.0,47,False,0.45870435217608807
1140,3.0,54,False,0.45822911455727866
1141,3.0,40,False,0.45775387693846925
1142,3.0,32,False,0.45727863931965984
1143,1.0,13,True,0.45680340170085054
1144,3.0,40,False,0.456328164082041
1145,3.0,36,False,0.4558529264632316
1146,3.0,39,False,0.4553776888444223
1147,3.0,38,False,0.4549024512256128
1148,3.0,74,False,0.4544272136068034
1149,3.0,31,False,0.4539519759879941
1150,3.0,40,False,0.45347673836918456
1151,3.0,42,False,0.45300150075037515
1152,3.0,50,False,0.45252626313156585
1153,3.0,38,False,0.45205102551275633
1154,0.0,5,True,0.45157578789394703
1155,0.0,8,True,0.4511005502751376
1156,3.0,57,False,0.4506253126563281
1157,0.0,15,True,0.4501500750375188
1158,3.0,43,False,0.4496748374187094
1159,3.0,28,False,0.4491995997999
1160,3.0,31,False,0.4487243621810906
1161,1.0,11,True,0.44824912456228116
1162,3.0,46,False,0.44777388694347176
1163,3.0,34,False,0.44729864932466235
1164,3.0,44,False,0.44682341170585294
1165,0.0,12,True,0.44634817408704364
1166,3.0,27,False,0.4458729364682341
1167,3.0,42,False,0.4453976988494247
1168,3.0,31,False,0.4449224612306154
1169,3.0,40,False,0.4444472236118059
1170,3.0,32,False,0.4439719859929965
1171,3.0,28,False,0.4434967483741872
1172,3.0,29,False,0.44302151075537766
1173,3.0,36,False,0.44254627313656836
1174,0.0,5,True,0.44207103551775895
1175,3.0,23,False,0.4415957978989494
1176,0.0,8,True,0.44112056028014013
1177,3.0,34,False,0.4406453226613307
1178,3.0,29,False,0.4401700850425212
1179,3.0,31,False,0.4396948474237119
1180,3.0,29,False,0.4392196098049025
1181,3.0,30,False,0.43874437218609297
1182,3.0,36,False,0.43826913456728367
1183,3.0,22,False,0.43779389694847426
1184,3.0,26,False,0.43731865932966496
1185,3.0,28,False,0.43684342171085544
1186,3.0,30,False,0.43636818409204603
1187,3.0,33,False,0.43589294647323673
1188,0.0,9,True,0.4354177088544272
1189,3.0,35,False,0.4349424712356178
1190,3.0,51,False,0.4344672336168085
1191,3.0,42,False,0.433991995997999
1192,3.0,24,False,0.43351675837918957
1193,3.0,32,False,0.43304152076038027
1194,3.0,37,False,0.43256628314157075
1195,3.0,29,False,0.43209104552276145
1196,3.0,41,False,0.43161580790395204
1197,3.0,42,False,0.4311405702851425
1198,3.0,31,False,0.4306653326663332
1199,3.0,35,False,0.4301900950475238
1200,3.0,37,False,0.4297148574287143
1201,3.0,28,False,0.429239619809905
1202,0.0,9,True,0.4287643821910956
1203,3.0,26,False,0.4282891445722862
1204,3.0,31,False,0.42781390695347676
1205,3.0,49,False,0.42733866933466735
1206,3.0,32,False,0.42686343171585794
1207,3.0,26,False,0.42638819409704853
1208,3.0,40,False,0.4259129564782391
1209,3.0,29,False,0.4254377188594298
1210,3.0,36,False,0.4249624812406203
1211,3.0,42,False,0.4244872436218109
1212,3.0,32,False,0.4240120060030016
1213,1.0,19,True,0.4235367683841921
1214,3.0,23,False,0.4230615307653828
1215,3.0,31,False,0.42258629314657337
1216,1.0,12,True,0.42211105552776385
1217,3.0,27,False,0.42163581790895455
1218,3.0,33,False,0.42116058029014514
1219,1.0,14,True,0.4206853426713356
1220,3.0,30,False,0.4202101050525263
1221,3.0,46,False,0.4197348674337169
1222,3.0,30,False,0.4192596298149074
1223,3.0,31,False,0.4187843921960981
1224,3.0,34,False,0.4183091545772887
1225,3.0,53,False,0.41783391695847927
1226,3.0,21,False,0.41735867933966986
1227,3.0,27,False,0.41688344172086045
1228,3.0,24,False,0.41640820410205104
1229,3.0,30,False,0.41593296648324163
1230,3.0,29,False,0.4154577288644322
1231,3.0,27,False,0.4149824912456228
1232,3.0,22,False,0.4145072536268134
1233,3.0,23,False,0.414032016008004
1234,3.0,35,False,0.4135567783891947
1235,3.0,32,False,0.41308154077038517
1236,3.0,56,False,0.41260630315157587
1237,3.0,27,False,0.41213106553276646
1238,3.0,38,False,0.41165582791395694
1239,3.0,49,False,0.41118059029514764
1240,3.0,45,False,0.41070535267633823
1241,3.0,31,False,0.4102301150575287
1242,3.0,32,False,0.4097548774387194
1243,3.0,28,False,0.40927963981991
1244,3.0,44,False,0.4088044022011006
1245,3.0,33,False,0.4083291645822912
1246,0.0,10,True,0.40785392696348177
1247,0.0,5,True,0.40737868934467236
1248,3.0,23,False,0.40690345172586295
1249,3.0,29,False,0.40642821410705354
1250,0.0,7,True,0.40595297648824413
1251,3.0,36,False,0.4054777388694347
1252,3.0,30,False,0.4050025012506253
1253,3.0,31,False,0.4045272636318159
1254,0.0,5,True,0.4040520260130065
1255,3.0,30,False,0.4035767883941972
1256,3.0,31,False,0.4031015507753878
1257,3.0,34,False,0.40262631315657826
1258,3.0,33,False,0.40215107553776896
1259,3.0,26,False,0.40167583791895956
1260,3.0,31,False,0.40120060030015003
1261,0.0,7,True,0.40072536268134074
1262,3.0,34,False,0.4002501250625313
1263,3.0,44,False,0.3997748874437219
1264,3.0,31,False,0.3992996498249125
1265,3.0,30,False,0.3988244122061031
1266,3.0,22,False,0.3983491745872937
1267,3.0,28,False,0.3978739369684843
1268,3.0,28,False,0.39739869934967487
1269,3.0,33,False,0.39692346173086546
1270,3.0,38,False,0.39644822411205605
1271,3.0,36,False,0.39597298649324664
1272,3.0,31,False,0.3954977488744372
1273,3.0,29,False,0.3950225112556278
1274,3.0,28,False,0.3945472736368185
1275,3.0,40,False,0.394072036018009
1276,3.0,28,False,0.3935967983991996
1277,0.0,6,True,0.3931215607803903
1278,3.0,28,False,0.39264632316158077
1279,1.0,11,True,0.39217108554277136
1280,3.0,26,False,0.39169584792396206
1281,1.0,11,True,0.39122061030515265
1282,3.0,32,False,0.39074537268634313
1283,0.0,11,True,0.39027013506753383
1284,3.0,24,False,0.3897948974487244
1285,3.0,27,False,0.389319659829915
1286,3.0,44,False,0.3888444222111056
1287,3.0,33,False,0.3883691845922962
1288,3.0,29,False,0.3878939469734868
1289,3.0,43,False,0.38741870935467737
1290,3.0,42,False,0.38694347173586796
1291,3.0,30,False,0.38646823411705855
1292,3.0,34,False,0.38599299649824914
1293,3.0,22,False,0.38551775887943973
1294,3.0,28,False,0.3850425212606303
1295,3.0,33,False,0.3845672836418209
1296,3.0,31,False,0.3840920460230116
1297,3.0,28,False,0.3836168084042021
1298,2.0,25,True,0.3831415707853927
1299,3.0,34,False,0.3826663331665834
1300,3.0,20,False,0.38219109554777386
1301,3.0,39,False,0.38171585792896445
1302,3.0,37,False,0.38124062031015515
1303,3.0,26,False,0.38076538269134563
1304,3.0,25,False,0.38029014507253633
1305,3.0,32,False,0.3798149074537269
1306,3.0,27,False,0.3793396698349175
1307,3.0,29,False,0.3788644322161081
1308,3.0,38,False,0.3783891945972987
1309,0.0,7,True,0.3779139569784893
1310,1.0,11,True,0.3774387193596799
1311,3.0,41,False,0.37696348174087047
1312,3.0,25,False,0.37648824412206106
1313,0.0,9,True,0.37601300650325165
1314,3.0,23,False,0.37553776888444224
1315,0.0,21,True,0.37506253126563294
1316,3.0,27,False,0.3745872936468234
1317,3.0,30,False,0.374112056028014
1318,3.0,29,False,0.3736368184092047
1319,3.0,41,False,0.3731615807903952
1320,3.0,30,False,0.3726863431715858
1321,3.0,27,False,0.3722111055527765
1322,3.0,34,False,0.37173586793396696
1323,3.0,21,False,0.37126063031515755
1324,3.0,43,False,0.37078539269634825
1325,3.0,39,False,0.3703101550775387
1326,3.0,21,False,0.36983491745872943
1327,3.0,32,False,0.36935967983992
1328,3.0,34,False,0.3688844422211105
1329,3.0,46,False,0.3684092046023012
1330,3.0,25,False,0.3679339669834918
1331,3.0,35,False,0.3674587293646824
1332,3.0,21,False,0.36698349174587297
1333,3.0,22,False,0.36650825412706356
1334,3.0,42,False,0.36603301650825415
1335,0.0,8,True,0.36555777888944474
1336,3.0,32,False,0.36508254127063533
1337,3.0,28,False,0.36460730365182603
1338,3.0,27,False,0.3641320660330165
1339,3.0,49,False,0.3636568284142071
1340,3.0,27,False,0.3631815907953978
1341,0.0,8,True,0.3627063531765883
1342,3.0,30,False,0.36223111555777887
1343,3.0,27,False,0.36175587793896957
1344,3.0,40,False,0.36128064032016005
1345,3.0,26,False,0.36080540270135075
1346,3.0,22,False,0.36033016508254134
1347,1.0,18,True,0.3598549274637318
1348,3.0,31,False,0.3593796898449225
1349,3.0,28,False,0.3589044522261131
1350,0.0,13,True,0.3584292146073036
1351,3.0,40,False,0.3579539769884943
1352,3.0,22,False,0.3574787393696849
1353,0.0,19,True,0.3570035017508755
1354,3.0,36,False,0.35652826413206606
1355,3.0,30,False,0.35605302651325665
1356,0.0,7,True,0.35557778889444736
1357,0.0,9,True,0.35510255127563783
1358,3.0,60,False,0.3546273136568284
1359,3.0,27,False,0.3541520760380191
1360,3.0,33,False,0.3536768384192096
1361,3.0,29,False,0.3532016008004002
1362,3.0,37,False,0.3527263631815909
1363,3.0,28,False,0.3522511255627814
1364,3.0,24,False,0.35177588794397197
1365,0.0,7,True,0.35130065032516267
1366,3.0,19,False,0.35082541270635315
1367,3.0,35,False,0.35035017508754385
1368,3.0,33,False,0.34987493746873444
1369,3.0,37,False,0.3493996998499249
1370,3.0,23,False,0.3489244622311156
1371,3.0,30,False,0.3484492246123062
1372,0.0,7,True,0.3479739869934967
1373,0.0,8,True,0.3474987493746874
1374,3.0,23,False,0.347023511755878
1375,3.0,33,False,0.34654827413706857
1376,3.0,23,False,0.34607303651825916
1377,3.0,34,False,0.34559779889944975
1378,3.0,24,False,0.34512256128064045
1379,3.0,27,False,0.34464732366183093
1380,3.0,42,False,0.3441720860430215
1381,3.0,27,False,0.3436968484242122
1382,3.0,28,False,0.3432216108054027
1383,0.0,11,True,0.3427463731865933
1384,3.0,25,False,0.342271135567784
1385,3.0,31,False,0.34179589794897447
1386,1.0,7,True,0.34132066033016517
1387,0.0,10,True,0.34084542271135576
1388,3.0,24,False,0.34037018509254624
1389,3.0,29,False,0.33989494747373694
1390,3.0,34,False,0.33941970985492753
1391,3.0,30,False,0.338944472236118
1392,3.0,34,False,0.3384692346173087
1393,3.0,19,False,0.3379939969984993
1394,3.0,37,False,0.3375187593796898
1395,3.0,21,False,0.3370435217608805
1396,3.0,38,False,0.3365682841420711
1397,3.0,21,False,0.33609304652326166
1398,0.0,13,True,0.33561780890445225
1399,3.0,30,False,0.33514257128564284
1400,3.0,30,False,0.33466733366683343
1401,3.0,26,False,0.334192096048024
1402,3.0,21,False,0.3337168584292146
1403,0.0,6,True,0.3332416208104053
1404,0.0,10,True,0.3327663831915958
1405,3.0,27,False,0.3322911455727864
1406,3.0,36,False,0.3318159079539771
1407,3.0,34,False,0.33134067033516756
1408,3.0,34,False,0.33086543271635827
1409,3.0,35,False,0.33039019509754886
1410,3.0,31,False,0.32991495747873933
1411,3.0,22,False,0.32943971985993004
1412,0.0,5,True,0.3289644822411206
1413,3.0,32,False,0.3284892446223111
1414,3.0,21,False,0.3280140070035018
1415,3.0,28,False,0.3275387693846924
1416,1.0,11,True,0.327063531765883
1417,3.0,30,False,0.3265882941470736
1418,3.0,30,False,0.32611305652826417
1419,3.0,26,False,0.32563781890945476
1420,3.0,30,False,0.32516258129064535
1421,3.0,35,False,0.32468734367183594
1422,3.0,27,False,0.3242121060530265
1423,3.0,31,False,0.3237368684342171
1424,1.0,7,True,0.3232616308154077
1425,0.0,8,True,0.3227863931965983
1426,3.0,46,False,0.3223111555777889
1427,3.0,44,False,0.3218359179589796
1428,3.0,28,False,0.3213606803401702
1429,3.0,30,False,0.32088544272136066
1430,3.0,25,False,0.32041020510255136
1431,3.0,32,False,0.31993496748374195
1432,3.0,22,False,0.31945972986493243
1433,3.0,31,False,0.31898449224612313
1434,3.0,38,False,0.3185092546273137
1435,3.0,44,False,0.3180340170085042
1436,3.0,20,False,0.3175587793896949
1437,3.0,32,False,0.3170835417708855
1438,0.0,5,True,0.3166083041520761
1439,3.0,25,False,0.31613306653326667
1440,3.0,20,False,0.31565782891445726
1441,3.0,37,False,0.31518259129564785
1442,3.0,37,False,0.31470735367683844
1443,3.0,27,False,0.31423211605802903
1444,3.0,32,False,0.3137568784392196
1445,0.0,9,True,0.3132816408204102
1446,3.0,43,False,0.3128064032016008
1447,3.0,35,False,0.3123311655827914
1448,3.0,26,False,0.311855927963982
1449,3.0,35,False,0.3113806903451727
1450,3.0,33,False,0.31090545272636316
1451,3.0,24,False,0.31043021510755375
1452,3.0,31,False,0.30995497748874445
1453,3.0,39,False,0.30947973986993504
1454,3.0,31,False,0.3090045022511255
1455,3.0,26,False,0.3085292646323162
1456,3.0,33,False,0.3080540270135068
1457,3.0,32,False,0.3075787893946974
1458,3.0,33,False,0.307103551775888
1459,3.0,22,False,0.3066283141570786
1460,3.0,18,False,0.3061530765382692
1461,3.0,29,False,0.30567783891945977
1462,3.0,28,False,0.30520260130065036
1463,3.0,29,False,0.30472736368184095
1464,3.0,32,False,0.30425212606303154
1465,3.0,44,False,0.3037768884442221
1466,3.0,23,False,0.3033016508254127
1467,3.0,28,False,0.3028264132066033
1468,3.0,29,False,0.302351175587794
1469,3.0,32,False,0.3018759379689845
1470,0.0,9,True,0.3014007003501751
1471,3.0,36,False,0.3009254627313658
1472,3.0,21,False,0.30045022511255626
1473,0.0,5,True,0.29997498749374685
1474,3.0,26,False,0.29949974987493755
1475,3.0,21,False,0.29902451225612814
1476,3.0,24,False,0.2985492746373186
1477,3.0,23,False,0.2980740370185093
1478,3.0,23,False,0.2975987993996999
1479,0.0,8,True,0.2971235617808905
1480,3.0,41,False,0.2966483241620811
1481,3.0,29,False,0.2961730865432717
1482,3.0,28,False,0.29569784892446227
1483,0.0,5,True,0.29522261130565286
1484,3.0,34,False,0.29474737368684345
1485,3.0,33,False,0.29427213606803404
1486,3.0,22,False,0.29379689844922463
1487,3.0,28,False,0.2933216608304152
1488,3.0,48,False,0.2928464232116058
1489,3.0,23,False,0.2923711855927964
1490,3.0,20,False,0.2918959479739871
1491,3.0,30,False,0.2914207103551776
1492,3.0,39,False,0.29094547273636817
1493,3.0,29,False,0.2904702351175589
1494,3.0,23,False,0.28999499749874935
1495,3.0,38,False,0.28951975987993994
1496,0.0,7,True,0.28904452226113064
1497,3.0,34,False,0.2885692846423211
1498,3.0,20,False,0.2880940470235118
1499,0.0,5,True,0.2876188094047024
1500,3.0,41,False,0.287143571785893
1501,3.0,41,False,0.2866683341670836
1502,3.0,25,False,0.2861930965482742
1503,0.0,7,True,0.2857178589294648
1504,3.0,34,False,0.28524262131065536
1505,3.0,20,False,0.28476738369184595
1506,3.0,35,False,0.28429214607303654
1507,3.0,20,False,0.28381690845422713
1508,3.0,23,False,0.2833416708354177
1509,3.0,21,False,0.2828664332166084
1510,3.0,21,False,0.2823911955977989
1511,0.0,9,True,0.2819159579789895
1512,3.0,32,False,0.2814407203601802
1513,3.0,26,False,0.2809654827413707
1514,3.0,26,False,0.28049024512256127
1515,3.0,24,False,0.28001500750375197
1516,3.0,23,False,0.27953976988494245
1517,3.0,27,False,0.27906453226613315
1518,3.0,34,False,0.27858929464732374
1519,3.0,36,False,0.2781140570285142
1520,3.0,23,False,0.2776388194097049
1521,3.0,22,False,0.2771635817908955
1522,3.0,32,False,0.276688344172086
1523,0.0,5,True,0.2762131065532767
1524,3.0,28,False,0.2757378689344673
1525,3.0,24,False,0.27526263131565787
1526,3.0,33,False,0.27478739369684846
1527,3.0,20,False,0.27431215607803905
1528,3.0,24,False,0.27383691845922975
1529,3.0,23,False,0.27336168084042023
1530,3.0,26,False,0.2728864432216108
1531,3.0,23,False,0.2724112056028015
1532,3.0,24,False,0.271935967983992
1533,3.0,32,False,0.2714607303651826
1534,3.0,25,False,0.2709854927463733
1535,3.0,26,False,0.27051025512756377
1536,3.0,25,False,0.27003501750875436
1537,3.0,29,False,0.26955977988994506
1538,3.0,22,False,0.26908454227113554
1539,3.0,21,False,0.26860930465232624
1540,3.0,19,False,0.26813406703351683
1541,3.0,19,False,0.2676588294147073
1542,3.0,21,False,0.267183591795898
1543,3.0,30,False,0.2667083541770886
1544,0.0,5,True,0.2662331165582791
1545,3.0,26,False,0.2657578789394698
1546,3.0,24,False,0.2652826413206604
1547,3.0,22,False,0.26480740370185096
1548,3.0,24,False,0.26433216608304155
1549,3.0,36,False,0.26385692846423214
1550,3.0,24,False,0.26338169084542284
1551,3.0,20,False,0.2629064532266133
1552,3.0,33,False,0.2624312156078039
1553,0.0,5,True,0.2619559779889946
1554,3.0,27,False,0.2614807403701851
1555,3.0,24,False,0.2610055027513757
1556,3.0,22,False,0.2605302651325664
1557,0.0,7,True,0.26005502751375686
1558,3.0,25,False,0.25957978989494757
1559,3.0,32,False,0.25910455227613816
1560,0.0,5,True,0.25862931465732864
1561,3.0,26,False,0.25815407703851934
1562,3.0,18,False,0.2576788394197099
1563,3.0,30,False,0.2572036018009004
1564,3.0,27,False,0.2567283641820911
1565,3.0,22,False,0.2562531265632817
1566,3.0,24,False,0.2557778889444722
1567,0.0,8,True,0.2553026513256629
1568,3.0,22,False,0.25482741370685347
1569,3.0,25,False,0.25435217608804406
1570,3.0,19,False,0.25387693846923465
1571,3.0,40,False,0.25340170085042524
1572,3.0,24,False,0.25292646323161583
1573,3.0,22,False,0.2524512256128064
1574,3.0,24,False,0.251975987993997
1575,3.0,35,False,0.2515007503751877
1576,3.0,23,False,0.2510255127563782
1577,3.0,24,False,0.2505502751375688
1578,3.0,25,False,0.2500750375187595
1579,0.0,5,True,0.24959979989994996
1580,0.0,5,True,0.24912456228114066
1581,3.0,23,False,0.24864932466233125
1582,3.0,21,False,0.24817408704352173
1583,3.0,33,False,0.24769884942471243
1584,3.0,20,False,0.24722361180590302
1585,3.0,19,False,0.2467483741870935
1586,3.0,33,False,0.2462731365682842
1587,3.0,27,False,0.2457978989494748
1588,3.0,27,False,0.24532266133066538
1589,0.0,9,True,0.24484742371185597
1590,3.0,26,False,0.24437218609304656
1591,3.0,18,False,0.24389694847423715
1592,0.0,5,True,0.24342171085542774
1593,0.0,6,True,0.24294647323661833
1594,3.0,50,False,0.24247123561780892
1595,3.0,21,False,0.2419959979989995
1596,0.0,8,True,0.2415207603801901
1597,3.0,23,False,0.2410455227613808
1598,3.0,26,False,0.24057028514257128
1599,3.0,24,False,0.24009504752376198
1600,3.0,23,False,0.23961980990495257
1601,3.0,26,False,0.23914457228614305
1602,3.0,34,False,0.23866933466733375
1603,3.0,22,False,0.23819409704852434
1604,3.0,22,False,0.23771885942971482
1605,3.0,20,False,0.23724362181090553
1606,3.0,23,False,0.23676838419209612
1607,3.0,22,False,0.2362931465732866
1608,3.0,22,False,0.2358179089544773
1609,3.0,26,False,0.23534267133566789
1610,3.0,30,False,0.23486743371685848
1611,3.0,22,False,0.23439219609804907
1612,3.0,36,False,0.23391695847923966
1613,3.0,29,False,0.23344172086043025
1614,0.0,5,True,0.23296648324162084
1615,3.0,20,False,0.23249124562281143
1616,3.0,22,False,0.23201600800400202
1617,3.0,28,False,0.2315407703851926
1618,3.0,23,False,0.2310655327663832
1619,3.0,36,False,0.2305902951475738
1620,3.0,27,False,0.23011505752876438
1621,3.0,27,False,0.22963981990995508
1622,3.0,18,False,0.22916458229114567
1623,3.0,31,False,0.22868934467233615
1624,3.0,27,False,0.22821410705352685
1625,3.0,20,False,0.22773886943471744
1626,3.0,28,False,0.22726363181590792
1627,3.0,22,False,0.22678839419709862
1628,3.0,19,False,0.2263131565782892
1629,3.0,28,False,0.2258379189594798
1630,3.0,31,False,0.2253626813406704
1631,3.0,26,False,0.22488744372186098
1632,3.0,19,False,0.22441220610305157
1633,3.0,25,False,0.22393696848424216
1634,3.0,25,False,0.22346173086543275
1635,3.0,28,False,0.22298649324662334
1636,3.0,29,False,0.22251125562781393
1637,3.0,21,False,0.22203601800900452
1638,3.0,21,False,0.2215607803901951
1639,3.0,23,False,0.2210855427713857
1640,3.0,18,False,0.2206103051525764
1641,3.0,24,False,0.22013506753376688
1642,3.0,27,False,0.21965982991495747
1643,3.0,25,False,0.21918459229614817
1644,3.0,23,False,0.21870935467733865
1645,3.0,19,False,0.21823411705852924
1646,3.0,24,False,0.21775887943971994
1647,3.0,22,False,0.21728364182091053
1648,3.0,19,False,0.216808404202101
1649,0.0,12,True,0.21633316658329171
1650,3.0,25,False,0.2158579289644823
1651,3.0,24,False,0.2153826913456729
1652,3.0,25,False,0.21490745372686348
1653,3.0,29,False,0.21443221610805407
1654,3.0,27,False,0.21395697848924466
1655,3.0,25,False,0.21348174087043525
1656,3.0,21,False,0.21300650325162584
1657,3.0,23,False,0.21253126563281644
1658,3.0,24,False,0.21205602801400703
1659,3.0,22,False,0.21158079039519762
1660,0.0,5,True,0.2111055527763882
1661,1.0,7,True,0.2106303151575788
1662,3.0,24,False,0.2101550775387695
1663,3.0,31,False,0.20967983991995998
1664,3.0,22,False,0.20920460230115057
1665,3.0,21,False,0.20872936468234127
1666,3.0,21,False,0.20825412706353175
1667,3.0,27,False,0.20777888944472234
1668,3.0,22,False,0.20730365182591304
1669,3.0,25,False,0.20682841420710352
1670,3.0,20,False,0.20635317658829422
1671,3.0,23,False,0.2058779389694848
1672,3.0,24,False,0.2054027013506754
1673,0.0,6,True,0.204927463731866
1674,3.0,21,False,0.20445222611305658
1675,3.0,25,False,0.20397698849424717
1676,0.0,9,True,0.20350175087543776
1677,3.0,23,False,0.20302651325662835
1678,0.0,8,True,0.20255127563781894
1679,3.0,21,False,0.20207603801900953
1680,3.0,32,False,0.20160080040020012
1681,3.0,28,False,0.20112556278139082
1682,3.0,21,False,0.2006503251625813
1683,3.0,20,False,0.2001750875437719
1684,3.0,22,False,0.1996998499249626
1685,3.0,23,False,0.19922461230615307
1686,3.0,27,False,0.19874937468734366
1687,3.0,25,False,0.19827413706853436
1688,3.0,20,False,0.19779889944972484
1689,3.0,21,False,0.19732366183091543
1690,3.0,24,False,0.19684842421210613
1691,3.0,34,False,0.1963731865932966
1692,3.0,22,False,0.1958979489744873
1693,3.0,22,False,0.1954227113556779
1694,3.0,19,False,0.19494747373686838
1695,3.0,28,False,0.19447223611805908
1696,3.0,20,False,0.19399699849924967
1697,0.0,5,True,0.19352176088044026
1698,3.0,24,False,0.19304652326163085
1699,3.0,24,False,0.19257128564282144
1700,3.0,23,False,0.19209604802401203
1701,3.0,29,False,0.19162081040520262
1702,3.0,24,False,0.19114557278639321
1703,3.0,22,False,0.19067033516758392
1704,3.0,20,False,0.1901950975487744
1705,0.0,5,True,0.18971985992996498
1706,3.0,23,False,0.18924462231115569
1707,3.0,22,False,0.18876938469234616
1708,3.0,19,False,0.18829414707353676
1709,3.0,19,False,0.18781890945472746
1710,3.0,24,False,0.18734367183591794
1711,3.0,30,False,0.18686843421710864
1712,3.0,22,False,0.18639319659829923
1713,3.0,20,False,0.1859179589794897
1714,3.0,18,False,0.1854427213606804
1715,3.0,21,False,0.184967483741871
1716,3.0,20,False,0.18449224612306148
1717,3.0,20,False,0.18401700850425218
1718,3.0,18,False,0.18354177088544277
1719,3.0,22,False,0.18306653326663336
1720,3.0,18,False,0.18259129564782395
1721,3.0,20,False,0.18211605802901454
1722,3.0,24,False,0.18164082041020524
1723,3.0,18,False,0.18116558279139572
1724,3.0,19,False,0.1806903451725863
1725,3.0,24,False,0.180215107553777
1726,0.0,5,True,0.1797398699349675
1727,0.0,7,True,0.17926463231615808
1728,3.0,19,False,0.17878939469734878
1729,3.0,22,False,0.17831415707853926
1730,3.0,33,False,0.17783891945972985
1731,3.0,26,False,0.17736368184092055
1732,3.0,22,False,0.17688844422211103
1733,3.0,26,False,0.17641320660330173
1734,3.0,24,False,0.17593796898449232
1735,3.0,22,False,0.1754627313656828
1736,3.0,24,False,0.1749874937468735
1737,3.0,21,False,0.1745122561280641
1738,0.0,5,True,0.17403701850925457
1739,3.0,22,False,0.17356178089044527
1740,3.0,25,False,0.17308654327163586
1741,3.0,20,False,0.17261130565282645
1742,3.0,18,False,0.17213606803401704
1743,3.0,28,False,0.17166083041520763
1744,3.0,23,False,0.17118559279639833
1745,3.0,20,False,0.1707103551775888
1746,3.0,22,False,0.1702351175587794
1747,3.0,20,False,0.1697598799399701
1748,3.0,25,False,0.16928464232116058
1749,3.0,22,False,0.16880940470235117
1750,3.0,26,False,0.16833416708354187
1751,3.0,25,False,0.16785892946473235
1752,3.0,22,False,0.16738369184592305
1753,3.0,29,False,0.16690845422711365
1754,3.0,20,False,0.16643321660830412
1755,3.0,18,False,0.16595797898949483
1756,3.0,20,False,0.16548274137068542
1757,3.0,18,False,0.1650075037518759
1758,3.0,28,False,0.1645322661330666
1759,3.0,21,False,0.16405702851425719
1760,3.0,26,False,0.16358179089544778
1761,3.0,27,False,0.16310655327663837
1762,3.0,22,False,0.16263131565782896
1763,3.0,20,False,0.16215607803901955
1764,3.0,18,False,0.16168084042021014
1765,0.0,5,True,0.16120560280140073
1766,3.0,19,False,0.16073036518259132
1767,3.0,21,False,0.1602551275637819
1768,3.0,22,False,0.1597798899449725
1769,3.0,23,False,0.1593046523261632
1770,3.0,27,False,0.15882941470735368
1771,3.0,23,False,0.15835417708854438
1772,3.0,21,False,0.15787893946973497
1773,3.0,18,False,0.15740370185092545
1774,3.0,22,False,0.15692846423211615
1775,3.0,23,False,0.15645322661330674
1776,3.0,22,False,0.15597798899449722
1777,3.0,31,False,0.15550275137568792
1778,3.0,22,False,0.1550275137568785
1779,3.0,22,False,0.154552276138069
1780,3.0,21,False,0.1540770385192597
1781,3.0,21,False,0.15360180090045028
1782,3.0,20,False,0.15312656328164087
1783,3.0,21,False,0.15265132566283146
1784,3.0,20,False,0.15217608804402205
1785,3.0,26,False,0.15170085042521264
1786,3.0,20,False,0.15122561280640323
1787,3.0,22,False,0.15075037518759382
1788,3.0,18,False,0.1502751375687844
1789,3.0,20,False,0.149799899949975
1790,3.0,22,False,0.1493246623311656
1791,3.0,27,False,0.14884942471235618
1792,3.0,20,False,0.14837418709354677
1793,3.0,18,False,0.14789894947473747
1794,3.0,18,False,0.14742371185592806
1795,3.0,20,False,0.14694847423711854
1796,3.0,21,False,0.14647323661830924
1797,3.0,24,False,0.14599799899949983
1798,3.0,20,False,0.1455227613806903
1799,3.0,23,False,0.14504752376188101
1800,3.0,18,False,0.1445722861430716
1801,3.0,18,False,0.1440970485242622
1802,3.0,22,False,0.14362181090545278
1803,3.0,18,False,0.14314657328664337
1804,3.0,22,False,0.14267133566783397
1805,3.0,22,False,0.14219609804902456
1806,3.0,18,False,0.14172086043021515
1807,3.0,22,False,0.14124562281140574
1808,3.0,24,False,0.14077038519259633
1809,3.0,19,False,0.14029514757378692
1810,3.0,35,False,0.1398199099549775
1811,3.0,20,False,0.1393446723361681
1812,3.0,20,False,0.1388694347173588
1813,3.0,18,False,0.13839419709854928
1814,3.0,19,False,0.13791895947973987
1815,3.0,19,False,0.13744372186093057
1816,3.0,20,False,0.13696848424212105
1817,3.0,18,False,0.13649324662331164
1818,3.0,22,False,0.13601800900450234
1819,3.0,20,False,0.13554277138569293
1820,3.0,19,False,0.1350675337668834
1821,3.0,18,False,0.1345922961480741
1822,3.0,24,False,0.1341170585292647
1823,3.0,21,False,0.1336418209104553
1824,3.0,29,False,0.13316658329164588
1825,3.0,20,False,0.13269134567283647
1826,3.0,18,False,0.13221610805402706
1827,3.0,21,False,0.13174087043521765
1828,3.0,18,False,0.13126563281640824
1829,3.0,25,False,0.13079039519759883
1830,3.0,22,False,0.13031515757878942
1831,3.0,26,False,0.12983991995998
1832,3.0,22,False,0.1293646823411706
1833,3.0,18,False,0.1288894447223612
1834,3.0,18,False,0.1284142071035519
1835,3.0,25,False,0.12793896948474237
1836,3.0,22,False,0.12746373186593296
1837,3.0,19,False,0.12698849424712366
1838,3.0,22,False,0.12651325662831414
1839,3.0,30,False,0.12603801900950473
1840,3.0,20,False,0.12556278139069543
1841,3.0,23,False,0.12508754377188602
1842,3.0,24,False,0.12461230615307661
1843,3.0,20,False,0.1241370685342672
1844,3.0,18,False,0.1236618309154578
1845,3.0,23,False,0.12318659329664838
1846,3.0,18,False,0.12271135567783897
1847,3.0,23,False,0.12223611805902956
1848,3.0,22,False,0.12176088044022015
1849,1.0,11,True,0.12128564282141074
1850,3.0,22,False,0.12081040520260133
1851,3.0,26,False,0.12033516758379192
1852,3.0,19,False,0.11985992996498251
1853,3.0,24,False,0.11938469234617322
1854,3.0,21,False,0.1189094547273637
1855,3.0,21,False,0.11843421710855428
1856,3.0,23,False,0.11795897948974499
1857,3.0,21,False,0.11748374187093547
1858,3.0,21,False,0.11700850425212606
1859,3.0,19,False,0.11653326663331676
1860,3.0,22,False,0.11605802901450724
1861,3.0,22,False,0.11558279139569783
1862,0.0,5,True,0.11510755377688853
1863,3.0,20,False,0.114632316158079
1864,3.0,18,False,0.11415707853926971
1865,3.0,22,False,0.1136818409204603
1866,3.0,24,False,0.11320660330165089
1867,3.0,20,False,0.11273136568284148
1868,3.0,21,False,0.11225612806403207
1869,3.0,22,False,0.11178089044522266
1870,3.0,24,False,0.11130565282641325
1871,3.0,18,False,0.11083041520760384
1872,3.0,20,False,0.11035517758879443
1873,3.0,20,False,0.10987993996998502
1874,3.0,19,False,0.10940470235117561
1875,3.0,20,False,0.10892946473236631
1876,3.0,19,False,0.10845422711355679
1877,3.0,19,False,0.10797898949474738
1878,3.0,21,False,0.10750375187593808
1879,3.0,20,False,0.10702851425712856
1880,3.0,20,False,0.10655327663831915
1881,3.0,18,False,0.10607803901950985
1882,3.0,19,False,0.10560280140070033
1883,3.0,21,False,0.10512756378189103
1884,3.0,21,False,0.10465232616308162
1885,3.0,22,False,0.1041770885442721
1886,3.0,19,False,0.1037018509254628
1887,3.0,21,False,0.10322661330665339
1888,0.0,5,True,0.10275137568784387
1889,3.0,20,False,0.10227613806903457
1890,3.0,22,False,0.10180090045022516
1891,3.0,21,False,0.10132566283141575
1892,3.0,20,False,0.10085042521260634
1893,3.0,19,False,0.10037518759379693
1894,3.0,19,False,0.09989994997498763
1895,3.0,20,False,0.09942471235617811
1896,3.0,18,False,0.0989494747373687
1897,3.0,20,False,0.0984742371185594
1898,3.0,18,False,0.09799899949974988
1899,3.0,18,False,0.09752376188094047
1900,3.0,20,False,0.09704852426213117
1901,3.0,21,False,0.09657328664332165
1902,3.0,19,False,0.09609804902451224
1903,3.0,20,False,0.09562281140570295
1904,3.0,19,False,0.09514757378689342
1905,3.0,24,False,0.09467233616808413
1906,3.0,23,False,0.09419709854927472
1907,0.0,6,True,0.0937218609304652
1908,3.0,24,False,0.0932466233116559
1909,3.0,19,False,0.09277138569284649
1910,3.0,24,False,0.09229614807403697
1911,3.0,30,False,0.09182091045522767
1912,3.0,22,False,0.09134567283641826
1913,3.0,22,False,0.09087043521760885
1914,3.0,20,False,0.09039519759879944
1915,3.0,22,False,0.08991995997999003
1916,3.0,20,False,0.08944472236118073
1917,3.0,26,False,0.08896948474237121
1918,3.0,20,False,0.0884942471235618
1919,3.0,18,False,0.0880190095047525
1920,3.0,20,False,0.08754377188594298
1921,3.0,18,False,0.08706853426713357
1922,3.0,21,False,0.08659329664832427
1923,3.0,20,False,0.08611805902951475
1924,3.0,23,False,0.08564282141070545
1925,3.0,20,False,0.08516758379189604
1926,3.0,20,False,0.08469234617308652
1927,3.0,18,False,0.08421710855427722
1928,3.0,21,False,0.08374187093546781
1929,3.0,25,False,0.08326663331665829
1930,3.0,18,False,0.08279139569784899
1931,3.0,22,False,0.08231615807903958
1932,3.0,18,False,0.08184092046023006
1933,3.0,20,False,0.08136568284142076
1934,3.0,19,False,0.08089044522261135
1935,3.0,21,False,0.08041520760380194
1936,3.0,18,False,0.07993996998499253
1937,3.0,18,False,0.07946473236618312
1938,3.0,21,False,0.07898949474737371
1939,3.0,21,False,0.0785142571285643
1940,3.0,18,False,0.07803901950975489
1941,3.0,18,False,0.0775637818909456
1942,3.0,19,False,0.07708854427213607
1943,3.0,20,False,0.07661330665332666
1944,3.0,21,False,0.07613806903451736
1945,0.0,7,True,0.07566283141570784
1946,3.0,25,False,0.07518759379689854
1947,3.0,18,False,0.07471235617808913
1948,3.0,20,False,0.07423711855927961
1949,3.0,18,False,0.07376188094047031
1950,3.0,18,False,0.0732866433216609
1951,3.0,18,False,0.07281140570285138
1952,3.0,20,False,0.07233616808404209
1953,3.0,18,False,0.07186093046523268
1954,3.0,18,False,0.07138569284642327
1955,3.0,20,False,0.07091045522761386
1956,3.0,18,False,0.07043521760880445
1957,3.0,20,False,0.06995997998999504
1958,3.0,20,False,0.06948474237118563
1959,3.0,22,False,0.06900950475237622
1960,3.0,18,False,0.0685342671335668
1961,3.0,19,False,0.0680590295147574
1962,3.0,18,False,0.06758379189594799
1963,3.0,24,False,0.06710855427713869
1964,3.0,18,False,0.06663331665832917
1965,3.0,20,False,0.06615807903951987
1966,3.0,19,False,0.06568284142071046
1967,3.0,19,False,0.06520760380190094
1968,3.0,21,False,0.06473236618309164
1969,3.0,19,False,0.06425712856428223
1970,3.0,20,False,0.06378189094547271
1971,3.0,20,False,0.06330665332666341
1972,3.0,20,False,0.062831415707854
1973,3.0,18,False,0.06235617808904448
1974,3.0,20,False,0.06188094047023518
1975,3.0,20,False,0.06140570285142577
1976,3.0,18,False,0.06093046523261636
1977,3.0,19,False,0.06045522761380695
1978,3.0,19,False,0.05997998999499754
1979,3.0,18,False,0.05950475237618813
1980,3.0,23,False,0.05902951475737872
1981,3.0,18,False,0.05855427713856931
1982,3.0,18,False,0.0580790395197599
1983,3.0,18,False,0.05760380190095049
1984,3.0,19,False,0.05712856428214108
1985,3.0,18,False,0.05665332666333167
1986,3.0,20,False,0.05617808904452226
1987,3.0,22,False,0.05570285142571296
1988,3.0,19,False,0.05522761380690355
1989,3.0,19,False,0.05475237618809403
1990,3.0,20,False,0.05427713856928473
1991,3.0,20,False,0.05380190095047532
1992,0.0,5,True,0.0533266633316658
1993,3.0,18,False,0.052851425712856503
1994,3.0,18,False,0.052376188094047094
1995,3.0,22,False,0.051900950475237684
1996,3.0,20,False,0.051425712856428274
1997,3.0,20,False,0.050950475237618864
1998,3.0,20,False,0.050475237618809454
1999,3.0,20,False,0.050000000000000044
