episode,return,steps,died,epsilon
0,0.0,71,True,1.0
1,0.0,67,True,0.9996832277425809
2,5.0,242,True,0.9993664554851617
3,0.0,38,True,0.9990496832277426
4,2.0,180,True,0.9987329109703235
5,1.0,250,False,0.9984161387129044
6,0.0,27,True,0.9980993664554851
7,0.0,64,True,0.997782594198066
8,1.0,164,True,0.9974658219406469
9,1.0,250,False,0.9971490496832277
10,0.0,85,True,0.9968322774258086
11,0.0,79,True,0.9965155051683895
12,0.0,93,True,0.9961987329109703
13,2.0,187,True,0.9958819606535512
14,0.0,113,True,0.9955651883961321
15,0.0,10,True,0.995248416138713
16,0.0,35,True,0.9949316438812937
17,0.0,28,True,0.9946148716238746
18,6.0,134,False,0.9942980993664555
19,0.0,87,True,0.9939813271090363
20,0.0,40,True,0.9936645548516172
21,0.0,181,True,0.9933477825941981
22,1.0,250,False,0.9930310103367789
23,0.0,13,True,0.9927142380793598
24,2.0,233,True,0.9923974658219407
25,0.0,74,True,0.9920806935645216
26,0.0,65,True,0.9917639213071023
27,5.0,250,False,0.9914471490496832
28,0.0,26,True,0.9911303767922641
29,0.0,100,True,0.9908136045348449
30,0.0,200,True,0.9904968322774258
31,0.0,34,True,0.9901800600200067
32,2.0,250,False,0.9898632877625876
33,0.0,121,True,0.9895465155051684
34,0.0,59,True,0.9892297432477493
35,4.0,250,False,0.9889129709903302
36,0.0,45,True,0.9885961987329109
37,0.0,66,True,0.9882794264754918
38,2.0,250,False,0.9879626542180727
39,0.0,160,True,0.9876458819606535
